year,month,day,hour,minute,lat1,lat2,lat3,lon1,lon2,lon3,wp1,wp2,wp3,size1,size2,size3,d1,d2,d3,mask1,mask2,mask3
2020,9,5,12,0,8.69,7.743578637519973,21.97360238148898,-23.45,-26.18098159322811,-9.741600771549837,130.40782601237922,0.0,0.0,2810.172383716482,0,0,934.2979469774938,1225.9705709666582,1146.6475538747898,1,0,0
2020,9,5,12,0,8.69,8.105314296654283,22.0337682572437,-22.45,-26.423421090925792,-11.372427227140603,130.40782601237922,0.0,0.0,2810.172383716482,0,0,862.0117901665301,1221.493638001715,1036.7773152887337,1,0,0
2020,9,5,12,0,8.69,22.64651969428312,19.21080247942676,-21.45,-9.279940117769996,-26.027008348097706,130.40782601237922,0.0,0.0,2810.172383716482,0,0,798.0593445993898,1232.729487827644,1038.1576784908978,1,0,0
2020,9,5,12,0,8.69,9.134342918418085,5.742292598073273,-20.45,-9.841098849489633,-11.718695316223867,130.40782601237922,0.0,0.0,2810.172383716482,0,0,744.5919494623486,1035.9056836347788,1179.271101953805,1,0,0
2020,9,5,12,0,8.69,6.108201579330627,22.892386479084138,-19.45,-12.28834584241183,-12.92128197340574,130.40782601237922,0.0,0.0,2810.172383716482,0,0,704.0033597602517,1111.9537223877571,1027.1001834065694,1,0,0
2020,9,5,12,0,8.69,7.225612699838199,7.918307711369576,-18.45,-23.928132631110756,-9.781598313263384,130.40782601237922,0.0,0.0,2810.172383716482,0,0,678.6089731548137,1091.0503414449788,1128.1799802688795,1,0,0
2020,9,5,12,0,8.69,7.3136571589044745,22.19356805101517,-17.45,-23.7629334634673,-11.478593451285128,130.40782601237922,0.0,0.0,2810.172383716482,0,0,670.1386709102137,1071.9067132373825,1043.7794018656618,1,0,0
2020,9,5,12,0,8.69,16.43520105786883,6.722690821669033,-16.45,-8.154128909692968,-10.772652878951783,130.40782601237922,0.0,0.0,2810.172383716482,0,0,679.2260111221241,1015.60147769586,1150.7304841982432,1,0,0
2020,9,5,12,0,8.69,9.663805372788795,8.458155353150875,-15.45,-25.856420039955882,-8.495357092613506,130.40782601237922,0.0,0.0,2810.172383716482,0,0,705.192449940621,1070.6496004892895,1199.3128071109904,1,0,0
2020,9,5,12,0,8.69,6.804378419166428,23.50808916539865,-14.45,-26.11119213687106,-10.609396165839776,130.40782601237922,0.0,0.0,2810.172383716482,0,0,746.2778544885025,1289.9497102683263,1213.8339368980685,1,0,0
2020,9,5,12,0,8.69,6.997166496057925,7.9030510025197565,-13.45,-9.554146461312243,-24.343528988485968,130.40782601237922,0.0,0.0,2810.172383716482,0,0,800.1562063902493,1217.5118408019957,1065.5134124107865,1,0,0
2020,9,5,12,0,8.69,5.830782942139155,21.793453216985675,-12.45,-11.452634445971606,-9.662607213269855,130.40782601237922,0.0,0.0,2810.172383716482,0,0,864.4381373661174,1186.772684622399,1138.9817795900694,1,0,0
2020,9,5,12,0,8.69,20.156647211999907,8.300182033979056,-11.45,-25.957610799385,-10.490562943128364,130.40782601237922,0.0,0.0,2810.172383716482,0,0,936.9841500402073,1084.5089026754526,1042.2510528769556,1,0,0
2020,9,5,12,0,9.69,7.442765249218142,7.589067903493602,-23.45,-23.497127716274175,-8.965903506046637,130.40782601237922,0.0,0.0,2810.172383716482,0,0,857.2116713191056,1042.3164782753115,1219.4679940863768,1,0,0
2020,9,5,12,0,9.69,7.123576898627643,23.545154742796356,-22.45,-22.665296423065517,-24.76830648484504,130.40782601237922,0.0,0.0,2810.172383716482,0,0,778.0765012152475,1017.040192891215,1245.0916965450087,1,0,0
2020,9,5,12,0,9.69,23.55023180596899,6.199769351995611,-21.45,-21.64806846938061,-13.252993947314403,130.40782601237922,0.0,0.0,2810.172383716482,0,0,706.8214797852368,1075.7038649626365,1053.0160155745016,1,0,0
2020,9,5,12,0,9.69,21.668545153054716,5.754638131711181,-20.45,-25.24375477228709,-20.94298592167563,130.40782601237922,0.0,0.0,2810.172383716482,0,0,646.0603596508068,1127.4347205493812,1066.4757027529574,1,0,0
2020,9,5,12,0,9.69,5.69183627739891,6.57460562607441,-19.45,-11.01913846479926,-22.125488555415544,130.40782601237922,0.0,0.0,2810.172383716482,0,0,598.9960934835791,1226.3425805046231,1038.400167537302,1,0,0
2020,9,5,12,0,9.69,8.281468244285099,20.89523911193078,-18.45,-10.23680633602341,-8.174825769052006,130.40782601237922,0.0,0.0,2810.172383716482,0,0,569.0381371012178,1063.9769196876293,1199.3654417030493,1,0,0
2020,9,5,12,0,9.69,6.634739172074189,7.057779077623598,-17.45,-26.589022826291554,-23.80411165961175,130.40782601237922,0.0,0.0,2810.172383716482,0,0,558.944282926554,1341.3073451457985,1096.898187847528,1,0,0
2020,9,5,12,0,9.69,18.796366247430385,21.861818354209092,-16.45,-26.064613352334778,-11.622148533175372,130.40782601237922,0.0,0.0,2810.172383716482,0,0,569.7713625190343,1021.3049003735499,1005.7001942888775,1,0,0
2020,9,5,12,0,9.69,23.53555510135034,21.313852567710846,-15.45,-24.589874526814366,-26.36300234796298,130.40782601237922,0.0,0.0,2810.172383716482,0,0,600.3884715166947,1232.833122544867,1192.241108761871,1,0,0
2020,9,5,12,0,9.69,23.49550620058347,6.4448908227283965,-14.45,-9.0063850352654,-23.76024023845192,130.40782601237922,0.0,0.0,2810.172383716482,0,0,647.9961071123269,1319.4689453783817,1148.1050349296374,1,0,0
2020,9,5,12,0,9.69,22.4193560778009,7.310174266802857,-13.45,-9.608862861229525,-10.993012654965879,130.40782601237922,0.0,0.0,2810.172383716482,0,0,709.1801649114926,1190.923585153237,1084.8401262009058,1,0,0
2020,9,5,12,0,9.69,19.14534885220006,5.7584340899601445,-12.45,-26.56048159000211,-21.6201953010074,130.40782601237922,0.0,0.0,2810.172383716482,0,0,780.7546563920059,1085.0394966715714,1094.6414406380616,1,0,0
2020,9,5,12,0,9.69,8.700192732641002,8.563023709968572,-11.45,-26.376009941748443,-25.255866885096054,130.40782601237922,0.0,0.0,2810.172383716482,0,0,860.1287540806597,1177.8421509228137,1089.411622087867,1,0,0
2020,9,5,12,0,10.69,6.083913222954879,22.781252283944774,-23.45,-12.765732420436633,-26.129153022994284,130.40782601237922,0.0,0.0,2810.172383716482,0,0,788.2609345370215,1088.7313133742618,1278.233471417926,1,0,0
2020,9,5,12,0,10.69,22.924715183460954,6.516727950266345,-22.45,-21.916422786025564,-10.346953620489455,130.40782601237922,0.0,0.0,2810.172383716482,0,0,701.720650014258,1025.537413290431,1198.267888726367,1,0,0
2020,9,5,12,0,10.69,7.3211645912510575,6.476632306168449,-21.45,-23.986864870154136,-22.059901257568455,130.40782601237922,0.0,0.0,2810.172383716482,0,0,622.0817788573194,1087.0731856058055,1044.4893560573591,1,0,0
2020,9,5,12,0,10.69,8.057051532316395,6.543965841671641,-20.45,-8.163870016337302,-24.54769091256872,130.40782601237922,0.0,0.0,2810.172383716482,0,0,552.3390895321146,1255.1991735995623,1193.0596012989456,1,0,0
2020,9,5,12,0,10.69,11.046002531632256,8.719010354770365,-19.45,-8.516170497743637,-9.723111264899327,130.40782601237922,0.0,0.0,2810.172383716482,0,0,496.680252888482,1052.4425456378074,1074.7068935747548,1,0,0
2020,9,5,12,0,10.69,22.45560465768498,21.224127667534,-18.45,-8.821504080573192,-24.96400333005968,130.40782601237922,0.0,0.0,2810.172383716482,0,0,460.2445158062097,1252.6253854952995,1072.9805474844068,1,0,0
2020,9,5,12,0,10.69,19.15834649280822,9.218691818185386,-17.45,-25.699229872473435,-26.19566625912371,130.40782601237922,0.0,0.0,2810.172383716482,0,0,447.75016166298764,1004.9902363809653,1128.835997555542,1,0,0
2020,9,5,12,0,10.69,9.633204815219823,9.46292708562965,-16.45,-25.580512231135394,-9.915056175509093,130.40782601237922,0.0,0.0,2810.172383716482,0,0,461.14750356417215,1047.1261328769558,1007.4951652063289,1,0,0
2020,9,5,12,0,10.69,9.862773340603049,6.601683010891687,-15.45,-8.442148104186781,-26.326306765597266,130.40782601237922,0.0,0.0,2810.172383716482,0,0,498.3525586805077,1118.9850610188369,1322.696165265197,1,0,0
2020,9,5,12,0,10.69,5.895849990709259,7.951953412134081,-14.45,-11.861891592689604,-9.077717570153329,130.40782601237922,0.0,0.0,2810.172383716482,0,0,554.593939546726,1156.4228656717053,1183.802102478754,1,0,0
2020,9,5,12,0,10.69,7.219551164867169,22.513098291380672,-13.45,-8.96489057600757,-26.363516423788766,130.40782601237922,0.0,0.0,2810.172383716482,0,0,624.7508618987987,1247.0297106303428,1276.0553055592836,1,0,0
2020,9,5,12,0,10.69,22.929660212643803,11.276147040866046,-12.45,-25.856113883919594,-8.427632599689524,130.40782601237922,0.0,0.0,2810.172383716482,0,0,704.6784040500544,1269.455145496805,1051.3151530391494,1,0,0
2020,9,5,12,0,10.69,11.019193515299818,20.703515055012666,-11.45,-26.610986192706772,-26.335614771759463,130.40782601237922,0.0,0.0,2810.172383716482,0,0,791.4208136879602,1072.8132142441773,1150.784732059576,1,0,0
2020,9,5,12,0,11.69,8.728848384503006,8.19984572133618,-23.45,-26.090466592407576,-10.892665744504438,130.40782601237922,0.0,0.0,2810.172383716482,0,0,729.7555087447241,1150.5223015303889,1018.765397822291,1,0,0
2020,9,5,12,0,11.69,22.46581702092257,17.34973250010843,-22.45,-11.911484161222864,-8.156632069171337,130.40782601237922,0.0,0.0,2810.172383716482,0,0,635.681428319407,1041.4627355079303,1037.0630113181053,1,0,0
2020,9,5,12,0,11.69,7.692013315710463,22.834367979722657,-21.45,-26.550192905194205,-23.494708868842075,130.40782601237922,0.0,0.0,2810.172383716482,0,0,546.8694221606821,1261.0002552059966,1102.918597745725,1,0,0
2020,9,5,12,0,11.69,22.885653142952968,5.894600480554112,-20.45,-8.636958805931698,-19.254640967188163,130.40782601237922,0.0,0.0,2810.172383716482,0,0,466.33747323758473,1298.8405510746045,1000.2187289790768,1,0,0
2020,9,5,12,0,11.69,20.364224881915007,19.634153985183755,-19.45,-26.35511807212514,-26.6885862247682,130.40782601237922,0.0,0.0,2810.172383716482,0,0,399.13105815769165,1131.886922451157,1121.4510476993369,1,0,0
2020,9,5,12,0,11.69,6.3517564718213535,7.548724103852868,-18.45,-23.20692106619918,-24.57453170673193,130.40782601237922,0.0,0.0,2810.172383716482,0,0,352.94755916059125,1121.6168480178262,1111.5639076522177,1,0,0
2020,9,5,12,0,11.69,20.703299965776914,23.678041847541373,-17.45,-24.53115408519754,-22.4956753595257,130.40782601237922,0.0,0.0,2810.172383716482,0,0,336.5565714838688,1001.1013208728367,1127.348562226341,1,0,0
2020,9,5,12,0,11.69,23.328912063082413,8.316410563591049,-16.45,-12.960952769144182,-9.108420482654502,130.40782601237922,0.0,0.0,2810.172383716482,0,0,354.1197825141858,1068.1431038761789,1155.4224281833394,1,0,0
2020,9,5,12,0,11.69,21.365765870240555,19.683006798950807,-15.45,-8.806617190524523,-8.23771370168365,130.40782601237922,0.0,0.0,2810.172383716482,0,0,401.2022807662125,1176.338749078531,1124.8288925590991,1,0,0
2020,9,5,12,0,11.69,6.992985304091942,6.6738506571844525,-14.45,-9.403114436028957,-24.997028976913132,130.40782601237922,0.0,0.0,2810.172383716482,0,0,468.99585148032327,1229.581343997948,1214.6396222509177,1,0,0
2020,9,5,12,0,11.69,7.310866005261249,19.52004934188186,-13.45,-9.935563388893673,-8.914582273672984,130.40782601237922,0.0,0.0,2810.172383716482,0,0,549.8921678645489,1163.1466071155241,1053.883293638375,1,0,0
2020,9,5,12,0,11.69,8.908850930284302,10.586473398055142,-12.45,-10.21293469455437,-26.21779744853343,130.40782601237922,0.0,0.0,2810.172383716482,0,0,638.9325617203826,1019.7544279941674,1054.3427120879303,1,0,0
2020,9,5,12,0,11.69,23.547610682913515,20.829988011828554,-11.45,-13.638747171188301,-25.811365860343138,130.40782601237922,0.0,0.0,2810.172383716482,0,0,733.1546120647715,1060.9389150086904,1114.2480719350697,1,0,0
2020,9,5,12,0,12.69,5.747984717693673,22.000353149488504,-23.45,-23.89865734963786,-9.136020333098827,130.40782601237922,0.0,0.0,2810.172383716482,0,0,684.3795205389672,1220.1006568005175,1194.811579877715,1,0,0
2020,9,5,12,0,12.69,6.369016903722301,6.458761535406784,-22.45,-21.121685010626376,-12.638988374438485,130.40782601237922,0.0,0.0,2810.172383716482,0,0,583.4724634437008,1010.3623180763321,1058.8580335394263,1,0,0
2020,9,5,12,0,12.69,6.8722605881609145,6.425743178613434,-21.45,-22.464285816436135,-10.407503926912863,130.40782601237922,0.0,0.0,2810.172383716482,0,0,485.6314575530203,1028.675504151911,1201.796191369601,1,0,0
2020,9,5,12,0,12.69,23.214163858746716,21.977475961459817,-20.45,-11.701808371359837,-8.678520997775877,130.40782601237922,0.0,0.0,2810.172383716482,0,0,393.1545672511705,1122.2681369349034,1229.0791002765832,1,0,0
2020,9,5,12,0,12.69,21.232967955304836,5.714813239789932,-19.45,-26.354796365954904,-11.341972672415476,130.40782601237922,0.0,0.0,2810.172383716482,0,0,310.86864091393505,1186.2266316007137,1204.2692538778674,1,0,0
2020,9,5,12,0,12.69,23.626836797227995,23.435905841786138,-18.45,-24.32234940719849,-21.24292240652778,130.40782601237922,0.0,0.0,2810.172383716482,0,0,249.08893791473648,1224.100871836107,1047.365760526427,1,0,0
2020,9,5,12,0,12.69,21.989667061477626,6.652763921856969,-17.45,-24.813853643297517,-23.085284142088586,130.40782601237922,0.0,0.0,2810.172383716482,0,0,225.36429849500783,1119.8082699725016,1086.3168038150243,1,0,0
2020,9,5,12,0,12.69,9.008809623516735,23.495610949419387,-16.45,-9.023912597746424,-11.806342305215383,130.40782601237922,0.0,0.0,2810.172383716482,0,0,250.7405204908116,1116.3601944226464,1142.7026234197733,1,0,0
2020,9,5,12,0,12.69,23.558783938569512,19.253248281348085,-15.45,-26.1678230258077,-25.716298438878535,130.40782601237922,0.0,0.0,2810.172383716482,0,0,313.51286580990023,1341.4696822057608,1011.587440825146,1,0,0
2020,9,5,12,0,12.69,22.889500567000034,6.0546638883160835,-14.45,-12.416499782457455,-9.11469308122269,130.40782601237922,0.0,0.0,2810.172383716482,0,0,396.29154181560904,1052.5705059711738,1326.8584214174637,1,0,0
2020,9,5,12,0,12.69,8.434451566647688,10.082624926656978,-13.45,-25.35135393360827,-25.779956814149244,130.40782601237922,0.0,0.0,2810.172383716482,0,0,489.01923249276155,1106.6265642033406,1039.1578124870061,1,0,0
2020,9,5,12,0,12.69,7.708864306754034,7.974250224348836,-12.45,-8.425623628672874,-25.889937739194465,130.40782601237922,0.0,0.0,2810.172383716482,0,0,586.9986209365545,1256.3597547074025,1184.9249516196292,1,0,0
2020,9,5,12,0,12.69,10.556792882981838,6.314368405161314,-11.45,-9.180412223256283,-22.10715784766547,130.40782601237922,0.0,0.0,2810.172383716482,0,0,687.988292675157,1010.9449870832754,1062.8572605412699,1,0,0
2020,9,5,12,0,13.69,5.807508419090055,8.22972623315034,-23.45,-26.29633614914697,-10.506965430273265,130.40782601237922,0.0,0.0,2810.172383716482,0,0,654.8679492591168,1382.9028408680877,1046.3969511270707,1,0,0
2020,9,5,12,0,13.69,6.393086450757299,22.168973991770685,-22.45,-12.54987679564971,-9.941648333819117,130.40782601237922,0.0,0.0,2810.172383716482,0,0,549.0533846186478,1070.0720109708923,1147.0116703019044,1,0,0
2020,9,5,12,0,13.69,11.943733179868198,9.868582234614285,-21.45,-8.587793069553783,-8.646671650481046,130.40782601237922,0.0,0.0,2810.172383716482,0,0,444.1857785277021,1008.9062137968881,1099.2560121371682,1,0,0
2020,9,5,12,0,13.69,9.452469245883579,6.0819740026070175,-20.45,-9.82318357576623,-21.90635962274775,130.40782601237922,0.0,0.0,2810.172383716482,0,0,341.14235621954197,1016.3276448380801,1075.6517014123738,1,0,0
2020,9,5,12,0,13.69,23.376276699171797,8.79221436641229,-19.45,-10.547848486357658,-9.714219954841603,130.40782601237922,0.0,0.0,2810.172383716482,0,0,242.2651651991801,1206.130221638965,1070.356810118538,1,0,0
2020,9,5,12,0,13.69,22.217406876737513,20.86493401685786,-18.45,-25.56211731500099,-24.434662691784183,130.40782601237922,0.0,0.0,2810.172383716482,0,0,155.7079771559617,1192.870393600934,1005.3648139279773,1,0,0
2020,9,5,12,0,13.69,22.175763504264815,7.304106903509858,-17.45,-24.556578302576124,-10.679036175845749,130.40782601237922,0.0,0.0,2810.172383716482,0,0,114.17719102866349,1116.2118018067367,1107.939141137531,1,0,0
2020,9,5,12,0,13.69,7.348837980378556,5.944178701484996,-16.45,-9.903258197036315,-24.067871812655476,130.40782601237922,0.0,0.0,2810.172383716482,0,0,158.3255705452245,1162.6248839279403,1213.126864337786,1,0,0
2020,9,5,12,0,13.69,23.09255380014455,7.263227452942114,-15.45,-21.61057908031194,-24.921689309218657,130.40782601237922,0.0,0.0,2810.172383716482,0,0,245.63472772665625,1028.0538744795479,1160.9621129533393,1,0,0
2020,9,5,12,0,13.69,6.336546424043342,5.69161621352622,-14.45,-24.76349157021408,-19.683989833638535,130.40782601237922,0.0,0.0,2810.172383716482,0,0,344.7377021554878,1226.0477384616559,1032.3701727785062,1,0,0
2020,9,5,12,0,13.69,11.093489681489718,18.789332954511856,-13.45,-8.775917693754167,-26.430090031043306,130.40782601237922,0.0,0.0,2810.172383716482,0,0,447.871525683747,1024.3914983559066,1055.9735595067177,1,0,0
2020,9,5,12,0,13.69,23.174135132094847,6.098156562628742,-12.45,-12.788853431054797,-10.413789859396566,130.40782601237922,0.0,0.0,2810.172383716482,0,0,552.7833011005463,1061.100277112442,1229.7504959392802,1,0,0
2020,9,5,12,0,13.69,23.60702125086376,22.84137396255891,-11.45,-25.28120268367752,-9.880800024921758,130.40782601237922,0.0,0.0,2810.172383716482,0,0,658.6224831167008,1284.065244614086,1205.2319904771127,1,0,0
2020,9,5,12,0,14.69,22.543718526545355,22.127475562264188,-23.45,-12.482555765150622,-26.719351278926382,130.40782601237922,0.0,0.0,2810.172383716482,0,0,643.4075254778393,1016.2626052818665,1276.5902613858802,1,0,0
2020,9,5,12,0,14.69,7.970875402609316,10.851038774831247,-22.45,-24.616490182934232,-8.980171835949154,130.40782601237922,0.0,0.0,2810.172383716482,0,0,535.8632394841245,1081.3265455908147,1015.5802529547358,1,0,0
2020,9,5,12,0,14.69,6.4583005425103055,11.45943026897803,-21.45,-24.666309329452332,-26.6532625979053,130.40782601237922,0.0,0.0,2810.172383716482,0,0,428.31700748249636,1208.7736482507075,1058.5380421985499,1,0,0
2020,9,5,12,0,14.69,21.970725069279766,22.358275025194068,-20.45,-8.963813677106465,-9.14948749784681,130.40782601237922,0.0,0.0,2810.172383716482,0,0,320.7700534406152,1206.076521120984,1220.4029267039305,1,0,0
2020,9,5,12,0,14.69,18.032765452482195,10.114699596659761,-19.45,-8.447887266633487,-25.538949900766635,130.40782601237922,0.0,0.0,2810.172383716482,0,0,213.2249988525551,1030.27061079774,1014.6745014492866,1,0,0
2020,9,5,12,0,14.69,20.941328224173542,7.214523879141831,-18.45,-24.87342822428295,-24.91448461463913,130.40782601237922,0.0,0.0,2810.172383716482,0,0,105.69297913137027,1045.3463418160372,1164.3272239137984,1,0,0
2020,9,5,12,0,14.69,5.863125517877805,23.438390302823237,-17.45,-19.40173553660108,-8.351872442744224,130.40782601237922,0.0,0.0,2810.172383716482,0,0,3.52385504763822,1006.9044980360156,1362.2049012445543,1,0,0
2020,9,5,12,0,14.69,16.756559008472653,7.156451340850649,-16.45,-26.633117201501285,-10.853666310848173,130.40782601237922,0.0,0.0,2810.172383716482,0,0,109.49590993287543,1006.6954169258632,1107.815742919504,1,0,0
2020,9,5,12,0,14.69,7.086957614347817,20.906703030685605,-15.45,-24.822769010391934,-25.754716184793345,130.40782601237922,0.0,0.0,2810.172383716482,0,0,217.02898650121293,1167.740396743412,1114.5923243686855,1,0,0
2020,9,5,12,0,14.69,10.714129109582844,23.14700131130561,-14.45,-25.933885389999748,-21.76495062347133,130.40782601237922,0.0,0.0,2810.172383716482,0,0,324.57419534420546,1020.2480845091027,1040.4412972027305,1,0,0
2020,9,5,12,0,14.69,20.49785288025712,11.53922139109638,-13.45,-9.660872286662006,-26.403698995665074,130.40782601237922,0.0,0.0,2810.172383716482,0,0,432.12115431797207,1047.3749894572566,1029.9719702093769,1,0,0
2020,9,5,12,0,14.69,6.091807878321805,20.05630944132917,-12.45,-12.751994876458003,-9.658922012391614,130.40782601237922,0.0,0.0,2810.172383716482,0,0,539.6673347230463,1088.6642279980083,1019.0216343306334,1,0,0
2020,9,5,12,0,14.69,7.459439009905506,7.2788634136208366,-11.45,-24.444771603997676,-9.957954676023533,130.40782601237922,0.0,0.0,2810.172383716482,0,0,647.2115354521541,1109.0247165288138,1163.9768133023924,1,0,0
2020,9,5,12,0,15.69,6.679744159276744,8.802066598377383,-23.45,-8.238266615687927,-24.791384600209607,130.40782601237922,0.0,0.0,2810.172383716482,0,0,650.9523631571834,1346.7144870125217,1033.1968011242304,1,0,0
2020,9,5,12,0,15.69,6.971102610418646,21.32910966772293,-22.45,-12.747183357039493,-8.58826914669002,130.40782601237922,0.0,0.0,2810.172383716482,0,0,545.4443148807129,1003.5401130062857,1191.9286625638015,1,0,0
2020,9,5,12,0,15.69,22.37796551909235,22.807403009765594,-21.45,-26.27821308600208,-10.66714417193381,130.40782601237922,0.0,0.0,2810.172383716482,0,0,440.7961851113439,1259.566377384193,1149.268208464178,1,0,0
2020,9,5,12,0,15.69,23.112603220899835,6.018285660344651,-20.45,-25.385535138194513,-23.412389797969674,130.40782601237922,0.0,0.0,2810.172383716482,0,0,337.8113030372951,1250.3914874092436,1165.0750231053146,1,0,0
2020,9,5,12,0,15.69,6.5380966900667685,9.940896349793258,-19.45,-23.78041956570857,-25.89027446100012,130.40782601237922,0.0,0.0,2810.172383716482,0,0,238.65620190401773,1141.0938591674721,1057.6000408806938,1,0,0
2020,9,5,12,0,15.69,19.895884090257397,6.633079562364241,-18.45,-25.983425223461936,-21.87713949185608,130.40782601237922,0.0,0.0,2810.172383716482,0,0,151.07413526660872,1071.4925305422437,1019.6391747160178,1,0,0
2020,9,5,12,0,15.69,6.5747407045651185,23.36081375245101,-17.45,-23.51545956345592,-14.070110594712032,130.40782601237922,0.0,0.0,2810.172383716482,0,0,108.2452162723318,1120.5423173684562,1025.2230004056146,1,0,0
2020,9,5,12,0,15.69,23.399594382225615,22.14055815493549,-16.45,-11.989670885853132,-25.82707867790523,130.40782601237922,0.0,0.0,2810.172383716482,0,0,153.7462615488625,1123.7305141096508,1207.2796795790546,1,0,0
2020,9,5,12,0,15.69,7.093182260301278,23.04441102359167,-15.45,-24.734798901126,-11.127180834751117,130.40782601237922,0.0,0.0,2810.172383716482,0,0,242.0450429673544,1160.656418388978,1140.7856929396967,1,0,0
2020,9,5,12,0,15.69,19.031599923022583,7.9419912450304695,-14.45,-26.292771736854263,-9.811497292245853,130.40782601237922,0.0,0.0,2810.172383716482,0,0,341.40879301559187,1054.2055985288316,1123.9743967393592,1,0,0
2020,9,5,12,0,15.69,6.498148133835199,19.99546266564761,-13.45,-13.563200929543537,-9.532382545553507,130.40782601237922,0.0,0.0,2810.172383716482,0,0,444.47629903367016,1008.4130852534839,1026.193829207377,1,0,0
2020,9,5,12,0,15.69,6.265688893285826,23.12905375077343,-12.45,-24.048603939168864,-23.380409186569,130.40782601237922,0.0,0.0,2810.172383716482,0,0,549.1645945568856,1183.09776161992,1122.8633690277331,1,0,0
2020,9,5,12,0,15.69,23.11971269571972,9.369025278561057,-11.45,-10.150834241431035,-26.612930567136825,130.40782601237922,0.0,0.0,2810.172383716482,0,0,654.6949613617468,1209.9143676985504,1158.3426910753453,1,0,0
2020,9,5,12,0,16.689999999999998,8.448109735673295,19.46858041504202,-23.45,-9.534206012817048,-26.28600639405912,130.40782601237922,0.0,0.0,2810.172383716482,0,0,676.8672164029666,1109.8682640222357,1075.5554933752028,1,0,0
2020,9,5,12,0,16.689999999999998,11.769132928267105,20.93561943171194,-22.45,-8.659015630603857,-24.74534430899943,130.40782601237922,0.0,0.0,2810.172383716482,0,0,576.6627097517438,1008.0314047766351,1034.8188128188033,1,0,0
2020,9,5,12,0,16.689999999999998,21.167118220360834,21.972188701291913,-21.45,-8.9795407034444,-11.48367739820399,130.40782601237922,0.0,0.0,2810.172383716482,0,0,479.41470105952544,1148.6909308487486,1024.222746138878,1,0,0
2020,9,5,12,0,16.689999999999998,6.032220533354922,6.745107849517521,-20.45,-8.469675843585062,-9.032107296003595,130.40782601237922,0.0,0.0,2810.172383716482,0,0,387.3593328187521,1378.045347920332,1278.0681303698943,1,0,0
2020,9,5,12,0,16.689999999999998,20.65765799223299,23.432790845430794,-19.45,-25.64118509576383,-25.636181219173647,130.40782601237922,0.0,0.0,2810.172383716482,0,0,305.2344294769771,1088.6559270306607,1293.8890727491528,1,0,0
2020,9,5,12,0,16.689999999999998,7.873356077187098,5.942597176453317,-18.45,-9.405481163932748,-11.561198679562443,130.40782601237922,0.0,0.0,2810.172383716482,0,0,243.31489764573806,1162.2370194330506,1169.7991781669957,1,0,0
2020,9,5,12,0,16.689999999999998,6.594417750059893,9.182523851246554,-17.45,-22.21623359866579,-9.145710922102243,130.40782601237922,0.0,0.0,2810.172383716482,0,0,219.43167233891373,1041.369281377657,1094.2938429879805,1,0,0
2020,9,5,12,0,16.689999999999998,8.293002529136226,6.769475026184292,-16.45,-9.960121253422503,-23.004482206030055,130.40782601237922,0.0,0.0,2810.172383716482,0,0,244.97481901989931,1085.6069825962409,1070.56825240232,1,0,0
2020,9,5,12,0,16.689999999999998,5.970456853692406,5.833933016807471,-15.45,-25.61006015734113,-20.2579441326817,130.40782601237922,0.0,0.0,2810.172383716482,0,0,307.8783589549686,1318.101417212352,1033.7200418524515,1,0,0
2020,9,5,12,0,16.689999999999998,23.246443021016432,9.500586911499008,-14.45,-8.470077868368985,-9.303286511135475,130.40782601237922,0.0,0.0,2810.172383716482,0,0,390.48527234475216,1338.7413285479677,1060.0154702873533,1,0,0
2020,9,5,12,0,16.689999999999998,22.194862102946892,20.705659734995034,-13.45,-10.03049451003686,-26.326295651318063,130.40782601237922,0.0,0.0,2810.172383716482,0,0,482.78397306608997,1142.6081495342353,1150.113528462648,1,0,0
2020,9,5,12,0,16.689999999999998,23.007917656146205,12.601513458384535,-12.45,-12.062200782267148,-8.171356510769101,130.40782601237922,0.0,0.0,2810.172383716482,0,0,580.1656066902751,1082.916558878767,1031.5119816545985,1,0,0
2020,9,5,12,0,16.689999999999998,8.746041010224776,8.871863645937168,-11.45,-26.635086716696012,-25.88627791201945,130.40782601237922,0.0,0.0,2810.172383716482,0,0,680.4496524500134,1198.255804828434,1123.0236997117279,1,0,0
2020,9,5,12,0,17.689999999999998,21.25641096676651,6.111984569112067,-23.45,-10.738612183919603,-20.774951239891127,130.40782601237922,0.0,0.0,2810.172383716482,0,0,719.1689397584996,1017.1013681553837,1022.74742351953,1,0,0
2020,9,5,12,0,17.689999999999998,22.861481209586465,21.08143653201316,-22.45,-12.206694875191312,-24.24423973796531,130.40782601237922,0.0,0.0,2810.172383716482,0,0,626.2910919247846,1061.2356488352614,1007.1178379674153,1,0,0
2020,9,5,12,0,17.689999999999998,20.37158503148801,9.481588201222026,-21.45,-24.863131567608313,-9.983220504482087,130.40782601237922,0.0,0.0,2810.172383716482,0,0,538.5786685255389,1004.7131080771439,1000.2387732123782,1,0,0
2020,9,5,12,0,17.689999999999998,22.773984991561655,23.245905449097876,-20.45,-23.12822655538366,-12.074190354746566,130.40782601237922,0.0,0.0,2810.172383716482,0,0,459.00517270253414,1075.702048391493,1104.6578558394585,1,0,0
2020,9,5,12,0,17.689999999999998,21.860014761969595,22.954567845467395,-19.45,-24.223703374234226,-26.72867543049532,130.40782601237922,0.0,0.0,2810.172383716482,0,0,392.55409758748436,1067.1294145506113,1336.6200268797625,1,0,0
2020,9,5,12,0,17.689999999999998,9.965802065668143,21.39259070707486,-18.45,-9.605595278259155,-11.023953072628748,130.40782601237922,0.0,0.0,2810.172383716482,0,0,346.8533411027554,1003.9408993324079,1007.1670532293049,1,0,0
2020,9,5,12,0,17.689999999999998,21.121027181988747,10.543916943292945,-17.45,-10.543534816621424,-26.470615198178653,130.40782601237922,0.0,0.0,2810.172383716482,0,0,330.6238247509674,1021.2801821945957,1081.1812261372804,1,0,0
2020,9,5,12,0,17.689999999999998,20.921161726796292,21.70343356799988,-16.45,-9.272640672943208,-10.142093657544759,130.40782601237922,0.0,0.0,2810.172383716482,0,0,348.01379349149306,1107.9267664125061,1096.00274598124,1,0,0
2020,9,5,12,0,17.689999999999998,6.924224130022761,9.63657066486876,-15.45,-24.357408688550045,-9.73975665802158,130.40782601237922,0.0,0.0,2810.172383716482,0,0,394.60286470250946,1147.1810544062698,1011.9649739230956,1,0,0
2020,9,5,12,0,17.689999999999998,6.949822121685599,6.920606463207941,-14.45,-9.882723771178053,-25.658952655506557,130.40782601237922,0.0,0.0,2810.172383716482,0,0,461.63270314811524,1196.1911593648854,1245.1688859110952,1,0,0
2020,9,5,12,0,17.689999999999998,19.20169270273863,22.2884944474943,-13.45,-25.896683563525432,-22.687068880221787,130.40782601237922,0.0,0.0,2810.172383716482,0,0,541.5646143024204,1025.5638605893603,1005.5703355169522,1,0,0
2020,9,5,12,0,17.689999999999998,21.56775307405723,5.864397111283597,-12.45,-10.356809834192923,-15.441969194146548,130.40782601237922,0.0,0.0,2810.172383716482,0,0,629.5013499207502,1069.5635113760925,1008.9169413549508,1,0,0
2020,9,5,12,0,17.689999999999998,19.596445007308965,9.444477715043401,-11.45,-26.042341930803797,-9.116965508803741,130.40782601237922,0.0,0.0,2810.172383716482,0,0,722.5243622276121,1060.008697210815,1080.4659469639253,1,0,0
2020,9,5,12,0,18.689999999999998,21.469091584468686,11.20747031541244,-23.45,-23.93915678319829,-8.851274855120014,130.40782601237922,0.0,0.0,2810.172383716482,0,0,775.1794217402298,1015.3145001688013,1011.748182933236,1,0,0
2020,9,5,12,0,18.689999999999998,23.010130161239367,20.649952675984796,-22.45,-22.04019539163405,-10.05326399770599,130.40782601237922,0.0,0.0,2810.172383716482,0,0,690.3704942188261,1039.886423207013,1025.4105627346494,1,0,0
2020,9,5,12,0,18.689999999999998,21.77571389993748,6.181426714775767,-21.45,-26.274362197613087,-22.191955913394416,130.40782601237922,0.0,0.0,2810.172383716482,0,0,612.3616859846923,1216.3191781842115,1080.312932659536,1,0,0
2020,9,5,12,0,18.689999999999998,5.700761757526988,8.272244324225872,-20.45,-14.840537733741419,-8.507100129034058,130.40782601237922,0.0,0.0,2810.172383716482,0,0,544.0881835669524,1042.8439188358614,1210.630036506199,1,0,0
2020,9,5,12,0,18.689999999999998,5.844807147932368,21.720225519302097,-19.45,-24.6222651313658,-8.922903986410507,130.40782601237922,0.0,0.0,2810.172383716482,0,0,489.6414657098946,1258.796781084919,1191.424520703751,1,0,0
2020,9,5,12,0,18.689999999999998,10.853370295741819,6.068521740775219,-18.45,-26.51057394462975,-20.945220149121106,130.40782601237922,0.0,0.0,2810.172383716482,0,0,454.02499428299166,1070.3195622029837,1033.9676443067933,1,0,0
2020,9,5,12,0,18.689999999999998,6.754888493473047,19.387528712708715,-17.45,-22.34459530812162,-8.755756824572401,130.40782601237922,0.0,0.0,2810.172383716482,0,0,441.81737273212667,1033.0216092025132,1061.4735308639883,1,0,0
2020,9,5,12,0,18.689999999999998,22.632929940008445,19.217207411350127,-16.45,-25.763549125193624,-8.566612414199565,130.40782601237922,0.0,0.0,2810.172383716482,0,0,454.9073828742014,1239.6578187609828,1070.4593871417158,1,0,0
2020,9,5,12,0,18.689999999999998,6.667732160044285,9.500460273786429,-15.45,-26.043124238157485,-8.76022128430893,130.40782601237922,0.0,0.0,2810.172383716482,0,0,491.2767120813209,1295.114656397234,1109.8875720294955,1,0,0
2020,9,5,12,0,18.689999999999998,5.9040721620757015,23.17476031258434,-14.45,-20.228810957949392,-9.597516678634719,130.40782601237922,0.0,0.0,2810.172383716482,0,0,546.2947604045098,1025.3206121607138,1252.1358914241898,1,0,0
2020,9,5,12,0,18.689999999999998,20.353701792275203,23.18822590973045,-13.45,-25.652280583860453,-23.582008300304818,130.40782601237922,0.0,0.0,2810.172383716482,0,0,614.9754127733856,1070.070922584888,1140.07419885994,1,0,0
2020,9,5,12,0,18.689999999999998,22.717051469102323,22.63631532164333,-12.45,-9.51617986193379,-10.151800647187429,130.40782601237922,0.0,0.0,2810.172383716482,0,0,693.2684704846013,1221.0626194928996,1169.6363475952694,1,0,0
2020,9,5,12,0,18.689999999999998,8.100112367955816,21.58687278020457,-11.45,-26.60459133145977,-25.017528862669355,130.40782601237922,0.0,0.0,2810.172383716482,0,0,778.2766965053764,1237.6594198213957,1104.0192348864764,1,0,0
2020,9,5,12,0,19.689999999999998,8.4571487678357,8.469308708854985,-23.45,-26.746088975978367,-9.933389414368868,130.40782601237922,0.0,0.0,2810.172383716482,0,0,842.1678425493865,1226.664601866607,1074.851862596043,1,0,0
2020,9,5,12,0,19.689999999999998,7.359425050069429,7.156797240371702,-22.45,-24.191820583978565,-11.061211080487727,130.40782601237922,0.0,0.0,2810.172383716482,0,0,765.2793572288986,1098.6214118462863,1093.1766629474364,1,0,0
2020,9,5,12,0,19.689999999999998,9.191831368299923,22.15619488875437,-21.45,-9.165554425439726,-8.246308056139647,130.40782601237922,0.0,0.0,2810.172383716482,0,0,696.1307213149834,1091.9160972436523,1276.1547033434356,1,0,0
2020,9,5,12,0,19.689999999999998,6.267654731117613,8.119702543885136,-20.45,-22.5384511443841,-10.71397947944093,130.40782601237922,0.0,0.0,2810.172383716482,0,0,637.2486515494708,1090.5934046867565,1038.876257459348,1,0,0
2020,9,5,12,0,19.689999999999998,21.34560293450669,22.61007531297502,-19.45,-10.983466972267436,-9.567756053504205,130.40782601237922,0.0,0.0,2810.172383716482,0,0,591.7078547402983,1006.2959321906386,1208.8863183801727,1,0,0
2020,9,5,12,0,19.689999999999998,22.829551276753683,7.693821176161549,-18.45,-11.532007344794703,-11.025274836248958,130.40782601237922,0.0,0.0,2810.172383716482,0,0,562.7579436082387,1096.9929509622866,1050.1909498765237,1,0,0
2020,9,5,12,0,19.689999999999998,6.712892854313497,21.190467389158066,-17.45,-13.145732239204504,-9.185033535683285,130.40782601237922,0.0,0.0,2810.172383716482,0,0,553.0114744647802,1007.2896806348667,1133.407284169909,1,0,0
2020,9,5,12,0,19.689999999999998,23.420315895749063,6.214134010416805,-16.45,-22.17386541851737,-14.070959611148703,130.40782601237922,0.0,0.0,2810.172383716482,0,0,563.4660943585678,1086.554970518889,1015.6402555060237,1,0,0
2020,9,5,12,0,19.689999999999998,6.423826852511815,20.35685903924535,-15.45,-11.307809793351124,-9.651503071155336,130.40782601237922,0.0,0.0,2810.172383716482,0,0,593.0541601172154,1141.3966090764577,1038.8929985693746,1,0,0
2020,9,5,12,0,19.689999999999998,19.470725390779965,23.494354813229343,-14.45,-9.08450771361574,-20.59076842571615,130.40782601237922,0.0,0.0,2810.172383716482,0,0,639.1231241166915,1035.6634491757804,1029.5769851763516,1,0,0
2020,9,5,12,0,19.689999999999998,5.794034297779554,9.56170186518377,-13.45,-13.455981682867856,-9.11589049968709,130.40782601237922,0.0,0.0,2810.172383716482,0,0,698.4181508270167,1084.7200145189393,1073.3926382799564,1,0,0
2020,9,5,12,0,19.689999999999998,10.241213588329412,5.875368391091465,-12.45,-26.092091713323427,-20.07174200016973,130.40782601237922,0.0,0.0,2810.172383716482,0,0,767.880036037807,1060.0884715840905,1023.4697673795745,1,0,0
2020,9,5,12,0,19.689999999999998,10.533802138725816,21.476532317792962,-11.45,-9.016584850591876,-24.343780538572698,130.40782601237922,0.0,0.0,2810.172383716482,0,0,845.0036367394295,1027.96561896918,1045.137790881895,1,0,0
2020,9,5,12,0,20.689999999999998,5.862710066215967,6.0173400222678595,-23.45,-9.601307072184547,-9.68785157781733,130.40782601237922,0.0,0.0,2810.172383716482,0,0,917.7333442748546,1307.0211471194186,1287.7382919757997,1,0,0
2020,9,5,12,0,20.689999999999998,22.02699191850172,23.348510040905694,-22.45,-23.374023150594756,-25.49734114806329,130.40782601237922,0.0,0.0,2810.172383716482,0,0,848.1531081530043,1023.9629614300696,1277.3831761190702,1,0,0
2020,9,5,12,0,20.689999999999998,21.33839323501417,22.74723868464556,-21.45,-9.991420793656385,-9.415922731629362,130.40782601237922,0.0,0.0,2810.172383716482,0,0,786.7022193316928,1079.8358304211074,1230.6854502152107,1,0,0
2020,9,5,12,0,20.689999999999998,22.817115391794765,23.052434583643695,-20.45,-23.779856421403217,-21.334752986874907,130.40782601237922,0.0,0.0,2810.172383716482,0,0,735.4232815518852,1118.8925960730503,1012.0573264718547,1,0,0
2020,9,5,12,0,20.689999999999998,5.732025423242126,5.833664660952188,-19.45,-16.929392906419203,-12.679122046275177,130.40782601237922,0.0,0.0,2810.172383716482,0,0,696.5679943253953,1000.778816406183,1117.823513649973,1,0,0
2020,9,5,12,0,20.689999999999998,22.374459859964674,11.672223781779492,-18.45,-25.197541627953175,-8.631661353235415,130.40782601237922,0.0,0.0,2810.172383716482,0,0,672.295069696861,1177.9975279646274,1014.5479274089391,1,0,0
2020,9,5,12,0,20.689999999999998,10.802749502269641,22.957752915618144,-17.45,-8.880788808013094,-8.722169352337666,130.40782601237922,0.0,0.0,2810.172383716482,0,0,664.2058518392698,1027.6896882421197,1297.9470472726418,1,0,0
2020,9,5,12,0,20.689999999999998,6.760822351440057,7.3895767297443085,-16.45,-11.740653324843985,-12.055234502610674,130.40782601237922,0.0,0.0,2810.172383716482,0,0,672.8844888215433,1083.2147295282593,1006.0567424184471,1,0,0
2020,9,5,12,0,20.689999999999998,11.233674479640648,20.72040817675566,-15.45,-8.415640006626543,-8.216154811490846,130.40782601237922,0.0,0.0,2810.172383716482,0,0,697.7053084186879,1054.3251481044877,1185.1486264727903,1,0,0
2020,9,5,12,0,20.689999999999998,18.902651183894243,5.811576488833364,-14.45,-26.184995480944714,-21.81246322288999,130.40782601237922,0.0,0.0,2810.172383716482,0,0,737.0386264975766,1037.7992904800412,1098.1749256718977,1,0,0
2020,9,5,12,0,20.689999999999998,20.795900957048723,21.609365563072892,-13.45,-9.870015414916057,-8.542977689011096,130.40782601237922,0.0,0.0,2810.172383716482,0,0,788.715192980376,1050.4325673632281,1214.4751778985897,1,0,0
2020,9,5,12,0,20.689999999999998,23.548243812899138,22.873559095454148,-12.45,-22.47279562119453,-21.603759048453593,130.40782601237922,0.0,0.0,2810.172383716482,0,0,850.4866950796379,1113.5871058316702,1005.8713158579344,1,0,0
2020,9,5,12,0,20.689999999999998,22.670543096624613,6.8621103719431185,-11.45,-24.081094271958065,-22.321959658198956,130.40782601237922,0.0,0.0,2810.172383716482,0,0,920.3211136227854,1125.3180675423343,1021.4961296203857,1,0,0
2020,9,5,12,0,21.689999999999998,6.465493170512438,5.854308599277962,-23.45,-10.99759628622288,-11.907742323503012,130.40782601237922,0.0,0.0,2810.172383716482,0,0,999.9332345800481,1157.9827676643015,1157.7236667237723,1,0,0
2020,9,5,12,0,21.689999999999998,22.390663486929633,11.659605895875531,-22.45,-23.926965331087484,-8.40881728101046,130.40782601237922,0.0,0.0,2810.172383716482,0,0,936.8804314652261,1091.2354364910482,1037.7963992456698,1,0,0
2020,9,5,12,0,21.689999999999998,23.200105960747912,23.06534512375267,-21.45,-20.685392521272973,-26.607191868979367,130.40782601237922,0.0,0.0,2810.172383716482,0,0,881.9829857458129,1002.0274135781091,1335.6309458115513,1,0,0
2020,9,5,12,0,21.689999999999998,7.37607412074528,21.82024267786828,-20.45,-24.973082657420818,-11.210467818376259,130.40782601237922,0.0,0.0,2810.172383716482,0,0,836.8492104686053,1155.9020985402983,1029.3950291482358,1,0,0
2020,9,5,12,0,21.689999999999998,6.3706618746971655,6.058986308184825,-19.45,-21.504767143003683,-25.790587654302424,130.40782601237922,0.0,0.0,2810.172383716482,0,0,803.1283264024023,1027.4392805632178,1324.246346042802,1,0,0
2020,9,5,12,0,21.689999999999998,23.534628393105102,23.22642256507646,-18.45,-19.5359692907861,-9.105450708038042,130.40782601237922,0.0,0.0,2810.172383716482,0,0,782.2986420363873,1004.2357130918858,1290.9370385613354,1,0,0
2020,9,5,12,0,21.689999999999998,6.6623282595475946,6.3075761677497395,-17.45,-22.22414608397864,-13.786674841839218,130.40782601237922,0.0,0.0,2810.172383716482,0,0,775.4003862717594,1035.2348514290788,1017.8175100649247,1,0,0
2020,9,5,12,0,21.689999999999998,19.136935501805368,7.532189066677482,-16.45,-25.953871889605907,-10.165934830192914,130.40782601237922,0.0,0.0,2810.172383716482,0,0,782.8021532612997,1027.5601815797568,1127.7929196201005,1,0,0
2020,9,5,12,0,21.689999999999998,5.968895672760118,21.419562799648176,-15.45,-23.338015593779176,-10.325983822767157,130.40782601237922,0.0,0.0,2810.172383716482,0,0,804.1089333763299,1165.169006196575,1060.448020706293,1,0,0
2020,9,5,12,0,21.689999999999998,19.67360572494364,8.516756544324107,-14.45,-25.91830029755431,-24.621461298921883,130.40782601237922,0.0,0.0,2810.172383716482,0,0,838.2604870881469,1053.0116142753295,1040.037215409078,1,0,0
2020,9,5,12,0,21.689999999999998,7.491279932038295,10.593363896298051,-13.45,-9.266007088911401,-26.059520860668734,130.40782601237922,0.0,0.0,2810.172383716482,0,0,883.7680321176134,1202.1346159489326,1038.5689788387895,1,0,0
2020,9,5,12,0,21.689999999999998,8.66985916113839,8.081850009282432,-12.45,-10.567800499631144,-9.313371296673843,130.40782601237922,0.0,0.0,2810.172383716482,0,0,938.9806707990838,1007.936137005221,1154.6721837467448,1,0,0
2020,9,5,12,0,21.689999999999998,6.896846078406289,12.500608499654946,-11.45,-24.81034195485942,-8.234233991547576,130.40782601237922,0.0,0.0,2810.172383716482,0,0,1002.2943292675939,1182.4200195298165,1027.7337299843523,1,0,0
